Rank,Channel_Name,Category,Subscribers,Country,Average_Views,Average_Likes,Average_Comments
1,T-Series,Music & Dance,258400000,India,135200,5600,223
2,MrBeast,Video games,236100000,United States,104000000,4000000,74
3,Cocomelon - Nursery Rhymes,Education,171400000,Unknown,5100000,57100,0
4,SET India,Unknown,167100000,India,27900,996,7
5,✿ Kids Diana Show,Animation,118500000,Unknown,5100000,14300,0
6,Like Nastya,Toys,112600000,Unknown,3400000,45900,0
7,PewDiePie,Movies,111600000,United States,1700000,109200,3
8,Vlad and Niki,Animation,109600000,Unknown,5800000,42700,0
9,Zee Music Company,Music & Dance,104500000,India,38000,1600,26
10,WWE,Video games,99000000,United States,182900,6800,227
11,Goldmines,Music & Dance,94000000,India,34600,518,13
12,Sony SAB,Movies,89100000,India,30600,789,10
13,5-Minute Crafts,Movies,80600000,India,137600,632,33
14,BANGTANTV,Music & Dance,77400000,India,688200,129100,3
15,Zee TV,Unknown,77000000,India,8200,295,1
16,HYBE LABELS,Music & Dance,73900000,United States,118100,21600,215
17,Pinkfong Baby Shark - Kids' Songs & Stories,Toys,72500000,Unknown,637600,713,0
18,Colors TV,Unknown,70200000,India,17600,632,3
19,ChuChu TV Nursery Rhymes & Kids Songs,Toys,69800000,Unknown,762200,15500,0
20,Shemaroo Filmi Gaane,Music & Dance,67400000,India,29300,298,15
21,Canal KondZilla,Music & Dance,67000000,Brazil,23000,1000,13
22,T-Series Bhakti Sagar,Music & Dance,65800000,India,20100,1200,26
23,Tips Official,Music & Dance,63500000,India,41700,800,20
24,El Reino Infantil,Music & Dance,62400000,Unknown,720800,3000,0
25,Aaj Tak,News & Politics,61900000,India,13900,399,6
26,Movieclips,Movies,60700000,United States,13800,212,11
27,Wave Music,Music & Dance,60500000,Unknown,32800,746,59
28,Dude Perfect,Video games,60000000,United States,4800000,134500,893
29,Sony Music India,Music & Dance,59300000,India,16100,607,21
30,Infobells - Hindi,Education,59100000,Unknown,1300000,3800,0
31,EminemMusic,Movies,58900000,United States,1200000,84000,7
32,YRF,Music & Dance,58300000,India,62700,3400,35
33,Marshmello,Music & Dance,56900000,United States,88200,7100,137
34,LooLoo Kids - Nursery Rhymes and Children's Songs,Music & Dance,56100000,United States,237400,773,0
35,BillionSurpriseToys  - Nursery Rhymes & Cartoons,Toys,55200000,Unknown,82800,0,0
36,Ariana Grande,Music & Dance,53500000,United States,310700,40400,2
37,Shemaroo,Unknown,51400000,India,9700,84,5
38,Toys and Colors,Movies,51100000,Unknown,4800000,2800,0
39,ARY Digital HD,Unknown,50500000,Pakistan,21900,722,4
40,A4,Animation,50500000,Russia,7900000,337900,27
41,HAR PAL GEO,Movies,50100000,Pakistan,6700,61,2
42,Get Movies,Movies,49400000,Unknown,56600,219,0
43,JuegaGerman,Movies,49200000,Mexico,1500000,96500,5
44,Billie Eilish,Music & Dance,49100000,United States,363100,30200,418
45,SonyMusicIndiaVEVO,Music & Dance,49000000,India,9400,134,9
46,Mikecrack,Movies,47400000,Mexico,785600,73500,2
47,Badabun,Unknown,47300000,Mexico,6800,276,3
48,Voot Kids,Unknown,47200000,Unknown,41500,169,0
49,ABS-CBN Entertainment,Unknown,46700000,Philippines,2500,56,1
50,Маша и Медведь,Unknown,46500000,Unknown,1400000,11700,0
51,Masha and The Bear,Movies,46300000,Unknown,832400,4600,0
52,Felipe Neto,Unknown,46200000,Brazil,0,0,0
53,Você Sabia?,Unknown,45300000,Brazil,1200000,73100,1
54,Jess No Limit,Movies,45200000,Indonesia,233900,9100,229
55,Alan Walker,Music & Dance,44900000,United States,163300,13100,469
56,ZAMZAM ELECTRONICS TRADING,Unknown,44800000,India,293900,21700,388
57,whinderssonnunes,Music & Dance,44600000,Brazil,140400,25400,91
58,BRIGHT SIDE,Unknown,44600000,United States,20000,407,22
59,BETER BÖCÜK,Unknown,44200000,India,529000,27600,233
60,YOLO AVENTURAS,Movies,43900000,Mexico,2300000,114400,349
61,Ishtar Music,Music & Dance,43800000,India,22400,691,13
62,Speed Records,Music & Dance,43300000,India,26500,1100,39
63,Like Nastya Show,Animation,43000000,Unknown,302000,1100,0
64,Rihanna,Education,42700000,United States,195000,11700,301
65,Ricis Official,Music & Dance,42500000,Indonesia,101000,6600,140
66,shfa2 - شفا,Animation,42200000,Unknown,809600,7200,0
67,LUCCAS NETO - LUCCAS TOON,Movies,41800000,Brazil,324400,12800,0
68,Luisito Comunica,Unknown,41800000,Mexico,3500000,89800,2
69,Sony PAL,Unknown,41300000,India,24200,385,19
70,Super Simple Songs - Kids Songs,Music & Dance,41000000,Unknown,713700,4200,0
71,Little Baby Bum - Nursery Rhymes & Kids Songs,Animation,40900000,Unknown,82000,198,0
72,Goldmines Gaane Sune Ansune,Music & Dance,40800000,India,21800,165,10
73,shfa,Daily vlogs,40700000,France,7100000,68000,0
74,Fede Vigevani,Animation,40600000,Mexico,6700000,403800,26
75,WorkpointOfficial,Unknown,40300000,Thailand,9100,239,1
76,ABP NEWS,News & Politics,40100000,India,3100,76,1
77,GR6 EXPLODE,Music & Dance,40100000,Brazil,60800,3000,91
78,TEDx Talks,Unknown,40100000,United States,334,12,0
79,Vlad và Niki,Movies,40000000,Unknown,457200,1300,0
80,Like Nastya ESP,Movies,39600000,Unknown,654600,1300,0
81,Maria Clara & JP,Movies,39400000,Unknown,2700000,20900,0
82,Total Gaming,Movies,39300000,India,10500000,1200000,111
83,ช่อง one31,Unknown,39300000,Thailand,6100,155,1
84,Saregama Music,Music & Dance,39200000,India,22400,528,16
85,KL BRO Biju Rithvik,Unknown,39200000,India,710800,19500,171
86,TheDonato,Movies,39100000,Mexico,677300,44800,619
87,PowerKids TV,Movies,39000000,India,43700,0,0
88,Daddy Yankee,Music & Dance,38600000,Colombia,56600,6300,216
89,T-Series Bollywood Classics,Music & Dance,38600000,India,32800,429,14
90,DaFuq!?Boom!,Animation,38500000,United States,8400000,591700,8
91,Ultra Bollywood,Unknown,38500000,India,37800,287,10
92,IndiaTV,News & Politics,38400000,India,10800,235,3
93,La Granja de Zenón,Music & Dance,38400000,Unknown,1300000,18300,0
94,YouTube,Unknown,38400000,United States,58400,1900,159
95,TheEllenShow,Unknown,38300000,United States,7600,153,10
96,StarPlus,Unknown,38200000,India,11000,108,3
97,Techno Gamerz,Unknown,38000000,India,6800000,324100,21
98,Jkk Entertainment,Unknown,37500000,India,673200,4100,112
99,Dushyant kukreja,Unknown,37400000,India,2600000,67400,284
100,Jingle Toons,Unknown,36900000,India,62900,306,1
101,AboFlah,Animation,36900000,Iraq,5700000,422000,14
102,Maroon 5,Music & Dance,36800000,United States,0,0,0
103,Alan Chikin Chow,Music & Dance,36800000,India,1300000,54900,328
104,Jingle Toons,Unknown,36800000,India,49400,255,1
105,Markiplier,Animation,36300000,United States,2400000,139700,4
106,Ryan's World,Animation,36200000,Unknown,314500,2200,0
107,T-Series Apna Punjab,Music & Dance,35900000,India,14700,459,19
108,MR. INDIAN HACKER,Unknown,35600000,India,3700000,285700,7
109,Shorts Break,Unknown,35300000,India,4600000,211400,231
110,Rajshri,Movies,35300000,India,13600,306,4
111,Frost Diamond,Movies,35200000,Indonesia,339300,10000,380
112,Geet MP3,Music & Dance,35000000,India,429200,12100,1
113,WowKidz,Animation,34800000,Unknown,30400,172,0
114,Ch3Thailand,Unknown,34600000,Thailand,24100,829,6
115,BabyBus - Kids Songs and Cartoons,Animation,34400000,Unknown,706500,705,0
116,HUM TV,Unknown,34400000,Pakistan,4100,151,1
117,SSSniperWolf,Movies,34400000,United States,680800,32600,2
118,J Balvin,Animation,34200000,Colombia,10500,1000,21
119,GMA  Network,Unknown,34200000,Philippines,2400,90,0
120,DisneyMusicVEVO,Music & Dance,34100000,United States,53200,300,15
121,Lucas and Marcus,Animation,34100000,United States,762900,20000,518
122,Zee News,News & Politics,34000000,India,10700,307,6
123,VEGETTA777,Movies,34000000,Mexico,398000,30500,295
124,Enaldinho,Unknown,33900000,Brazil,2000000,60000,1
125,KHANDESHI MOVIES,Movies,33800000,India,520600,4200,137
126,Peppa Pig - Official Channel,Toys,33700000,Unknown,92600,548,0
127,NoCopyrightSounds,Music & Dance,33700000,United States,50200,3500,86
128,Diana and Roma ESP,Animation,33600000,Unknown,924500,2200,0
129,Junya Official Channel,Unknown,33600000,Japan,414500,10200,38
130,Worldwide Records Bhojpuri,Music & Dance,33300000,India,43900,1500,21
131,LankyBox,Animation,33300000,United States,270600,5000,258
132,Gulshan Kalra,Unknown,33300000,India,3300000,125000,321
133,Alejo Igoa,Animation,33100000,Argentina,2700000,181200,1
134,आचार्य प्रशान्त - Acharya Prashant,Education,33000000,India,85500,6900,42
135,Zhong,Animation,33000000,United States,1200000,28000,828
136,Akshay Nagwadiya,Unknown,32900000,India,772200,31100,39
137,Mr Bean,Movies,32800000,India,159500,1600,70
138,rezendeevil,Movies,32500000,Brazil,155400,7400,84
139,DONA 도나,Unknown,32400000,United States,1600000,8900,216
140,SMTOWN,Music & Dance,32300000,United States,295300,26900,2
141,GENIAL,Animation,32000000,Mexico,11600,405,14
142,व्लाद और निकिता,Unknown,31800000,Unknown,267000,954,0
143,LeoNata Family,Unknown,31800000,United States,1300000,18500,41
144,Luis Fonsi,Unknown,31800000,United States,13400,1300,50
145,김프로KIMPRO,Unknown,31700000,Indonesia,493500,17900,136
146,Heroindori,Unknown,31700000,India,2300000,102400,82
147,The Tonight Show Starring Jimmy Fallon,Unknown,31400000,United States,116600,809,147
148,Aditya Movies,Unknown,31200000,India,18600,643,5
149,Masha y el Oso,Unknown,31200000,Unknown,841900,3100,0
150,Little Angel: Nursery Rhymes & Kids Songs,Animation,31100000,Unknown,293100,321,0
151,Spider Slack,Unknown,31100000,Brazil,2000000,144000,252
152,Real fools shorts official,Unknown,31100000,Unknown,11700000,465800,2
153,Talking Tom,Animation,31100000,United States,415600,2200,0
154,Shemaroo Movies,Unknown,31100000,India,20200,176,7
155,قناة طيور الجنة | toyoraljanahtv,Music & Dance,31000000,Unknown,82000,0,0
156,AH,Music & Dance,31000000,Indonesia,140500,7200,139
157,★ Kids Roma Show,Animation,30900000,Unknown,1500000,3800,0
158,infobells - Telugu,Education,30800000,Unknown,146400,278,0
159,infobells - Tamil,Education,30700000,Unknown,446600,9500,0
160,jacksepticeye,Animation,30700000,United States,0,0,0
161,Aditya Music India,Music & Dance,30500000,India,18700,860,4
162,Boram Tube Vlog [보람튜브 브이로그],Unknown,30400000,Unknown,50200,319,0
163,Spinnin' Records,Music & Dance,30400000,United States,28400,1100,32
164,Trap Nation,Music & Dance,30400000,United States,37400,1400,74
165,mujjuu___14,Unknown,30300000,India,7600000,213800,154
166,ashish chanchlani vines,Movies,30200000,India,4600000,295300,2
167,Goldmines Dishoom,Movies,30100000,Unknown,14000,175,0
168,Ultra Records,Music & Dance,30100000,United States,13600,494,18
169,Maluma,Music & Dance,29800000,Colombia,2200000,66700,3
170,Alfredo Larin,Unknown,29700000,El Salvador,12900000,682200,2
171,Crazy XYZ,Music & Dance,29400000,India,4600000,261400,13
172,NichLmao,Movies,29300000,United States,1400000,61900,464
173,Brent Rivera,Video games,29200000,United States,3300000,138000,5
174,Daniel LaBelle,Animation,29000000,United States,6000000,441200,2
175,Goldmines Bollywood,Music & Dance,29000000,India,11500,86,3
176,Kids TV - Nursery Rhymes And Baby Songs,Toys,28900000,Unknown,129400,269,0
177,That Little Puff,Unknown,28900000,United States,2500000,166500,609
178,Tilak,Unknown,28900000,India,10600,1100,11
179,Nick Jr.,Animation,28800000,Unknown,500600,1100,0
180,Marta and Rustam,Unknown,28800000,India,8600000,117500,54
181,Bounce Patrol - Kids Songs,Music & Dance,28700000,Unknown,436600,3000,0
182,D Billions,Music & Dance,28700000,Unknown,613900,359,0
183,JYP Entertainment,Music & Dance,28600000,United States,403100,44000,2
184,toycantando,Music & Dance,28600000,Unknown,182900,5500,0
185,Indosiar,Music & Dance,28600000,Indonesia,40600,1400,39
186,tuzelity SHUFFLE,Unknown,28600000,India,1700000,60700,455
187,Sandeep Maheshwari,Music & Dance,28600000,India,1700000,105400,9
188,Sagawa /さがわ,Unknown,28400000,United States,541000,16700,93
189,Priyal Kukreja,Daily vlogs,28400000,India,2300000,60500,276
190,Dangal TV Channel,Unknown,28400000,India,42600,1100,7
191,Ishaan Ali 11,Daily vlogs,28200000,India,4700000,283700,480
192,Wiz Khalifa,Music & Dance,28200000,United States,287300,13300,1
193,Azhan5star,Unknown,28000000,India,440500,21100,111
194,Topper Guild,Animation,27900000,United States,1600000,53100,669
195,The Lallantop,News & Politics,27800000,India,36600,1100,34
196,Tsuriki Show,Unknown,27800000,India,235100,3900,7
197,Renato Garcia YT,Movies,27800000,Brazil,886500,73800,2
198,Netflix,Movies,27700000,United States,109100,2300,174
199,Jason Derulo,Music & Dance,27500000,United States,27500,958,19
200,Raffy Tulfo in Action,Travel,27300000,Philippines,264000,3600,293
201,Yoeslan,Unknown,27200000,India,2700000,48200,81
202,BeatboxJCOP,Unknown,27200000,India,1200000,67300,307
203,America's Got Talent,Music & Dance,27100000,United States,234300,6300,203
204,ABPLIVE,News & Politics,27000000,India,2800,78,0
205,unknown boy varun,Music & Dance,27000000,India,1200000,107300,126
206,Ami Rodriguez,Animation,27000000,Colombia,79500,4700,278
207,Pokémon Asia Official (Hindi),Unknown,26900000,Unknown,1300000,0,0
208,Zach King,Movies,26900000,United States,3500000,169500,692
209,WB Kids,Movies,26800000,Unknown,41500,447,0
210,Diana and Roma HIN,Animation,26800000,Unknown,141700,441,0
211,WORLDSTARHIPHOP,Music & Dance,26800000,United States,36100,922,115
212,Willie Salim,Movies,26700000,Indonesia,3300000,0,4
213,Nicki Minaj,Music & Dance,26600000,United States,0,0,0
214,Smosh,Movies,26600000,United States,345200,24200,173
215,Stokes Twins,Video games,26400000,United States,6900000,122300,8
216,Kids Channel India - Hindi Rhymes and Baby Songs,Music & Dance,26400000,Unknown,83700,345,0
217,Dan Rhodes,Movies,26300000,United States,47200,2200,58
218,Marília Mendonça,Music & Dance,26300000,Brazil,38600,3800,147
219,1MILLION Dance Studio,Unknown,26300000,India,26100,1600,14
220,Sun TV,Unknown,26300000,India,11900,328,1
221,David Guetta,Music & Dance,26300000,Brazil,65100,4900,190
222,LosPolinesios,Music & Dance,26300000,Mexico,6500000,285100,9
223,Alan Becker,Animation,26200000,United States,4000000,361100,5
224,YOLO,Animation,26100000,Mexico,744900,25600,1
225,Pen Movies,Movies,26100000,India,110300,1900,57
226,VanossGaming,Animation,25900000,United States,939000,37700,665
227,Rans Entertainment,Movies,25900000,Indonesia,365500,10600,291
228,Coldplay,Music & Dance,25900000,United States,68000,8000,229
229,TRANS7 OFFICIAL,Movies,25900000,Indonesia,4500,84,4
230,Diana and Roma ARA,Animation,25900000,Unknown,916000,4000,0
231,shfa show India,Daily vlogs,25800000,Unknown,1600000,8000,0
232,Preston,Video games,25700000,United States,2800000,56100,736
233,dednahype,Unknown,25700000,United States,201700,4400,13
234,Chotanawab,Unknown,25500000,Unknown,1400000,141700,887
235,Diana and Roma EN,Animation,25500000,Unknown,566400,1000,0
236,Goldmines Movies,Unknown,25500000,India,10300,124,3
237,Vania Mania Kids,Animation,25400000,Unknown,532000,475,0
238,Juan De Dios Pantoja,Music & Dance,25400000,Mexico,2800000,176700,615
239,Zach Choi ASMR,Daily vlogs,25400000,United States,144000,3000,156
240,Like Nastya AE,Unknown,25300000,Unknown,383700,1700,0
241,WatchMojo.com,Movies,25200000,United States,34200,996,151
242,FaZe Rug,Video games,25100000,United States,2900000,69000,3
243,Venus Entertainment,Unknown,25100000,India,6500,68,3
244,Karla Bustillos,Unknown,25100000,Mexico,3900000,200300,2
245,Chloe Ting,Fitness,25100000,United States,347500,10100,328
246,Ultra Movie Parlour,Unknown,25100000,India,18600,284,7
247,netd müzik,Music & Dance,24900000,Turkey,6200,145,35
248,Peppa Pig Español Latino - Canal Oficial,Movies,24900000,Unknown,1100000,3100,0
249,1theK (원더케이),Music & Dance,24700000,Indonesia,7300,83,32
250,Mr DegrEE,Music & Dance,24600000,United States,2800000,76600,82
251,Kidibli (Kinder Spielzeug Kanal),Animation,24500000,Unknown,169100,3200,0
252,Sourav Joshi Vlogs,Daily vlogs,24400000,India,4800000,273500,6
253,Vlad and Niki ESP,Unknown,24400000,Unknown,817000,2400,0
254,Rafa & Luiz,Movies,24400000,Brazil,716800,28600,491
255,toyorbabytv,Music & Dance,24400000,Unknown,93200,0,0
256,Enrique Iglesias,Music & Dance,24300000,United States,21400,1900,99
257,Ian Lucas,Movies,24300000,Argentina,0,0,0
258,LIV Crime,Unknown,24300000,India,11800,303,16
259,Miss Katy,Video games,24300000,Russia,788400,10900,697
260,Ben Azelart,Video games,24200000,United States,4200000,42200,4
261,Mister Max,Video games,24200000,Russia,861100,17800,1
262,Goldmines Cineplex,Unknown,24100000,India,7000,82,2
263,Bobby chourasiya,Unknown,24100000,India,2600000,146100,177
264,Vlad and Niki Arabic,Animation,24000000,Unknown,886300,3900,0
265,Troom Troom,Movies,23900000,Unknown,61900,1100,11
266,James Charles,Beauty,23900000,United States,942800,35300,945
267,BabyBus - Canciones Infantiles & Videos para Niños,Movies,23900000,Unknown,368100,1100,0
268,Wave Music Bhojpuri,Music & Dance,23900000,India,8500,109,10
269,TED,Unknown,23900000,United States,49200,1300,101
270,SMOL,Unknown,23900000,India,111700,2200,4
271,Ninja,Animation,23900000,United States,185600,6100,96
272,Vlad and Niki IDN,Music & Dance,23900000,Unknown,742900,1800,0
273,GMM GRAMMY OFFICIAL,Music & Dance,23900000,Thailand,3300,117,3
274,Tina Pontes,Animation,23800000,Brazil,83200,1800,0
275,DUDU e CAROL,Unknown,23800000,Brazil,1700000,30100,63
276,NickyJamTV,Music & Dance,23800000,Colombia,15600,1400,62
277,Village Cooking Channel,Unknown,23700000,India,11400000,210100,4
278,Like Nastya PRT,Unknown,23700000,Unknown,364100,1600,0
279,Sesame Street,Unknown,23700000,Unknown,420000,1900,0
280,Jelly,Animation,23700000,United States,220400,9400,439
281,invictor,Animation,23600000,Mexico,742200,27500,960
282,Ishtar Punjabi,Music & Dance,23500000,India,12300,495,6
283,Technical Guruji,Unknown,23500000,India,212500,11900,588
284,Danny Fitt,Movies,23400000,Mexico,1800000,48100,228
285,DrossRotzank,Unknown,23300000,Mexico,1700000,121200,5
286,SSundee,Animation,23300000,United States,1500000,39400,2
287,The Royalty Family,Humor,23200000,United States,10100000,258100,7
288,Sia,Music & Dance,23100000,United States,17400,1300,57
289,Netflix India,Unknown,23100000,India,45100,857,32
290,Dua Lipa,Music & Dance,23100000,United States,270800,18100,656
291,Rotana,Music & Dance,23100000,Saudi Arabia,237700,627,42
292,Disney Latinoamérica,Movies,22900000,Unknown,102800,483,0
293,FGTeeV,Movies,22900000,United States,785500,8400,2
294,mmoshaya,Unknown,22900000,Saudi Arabia,741800,6200,809
295,Pawan Sahu,Unknown,22900000,India,1000000,89300,808
296,ISSEI / いっせい,Unknown,22800000,India,1100000,24800,106
297,jaanvi patel,Unknown,22800000,India,3400000,118200,194
298,Vijay Television,Unknown,22800000,India,35900,620,9
299,IShowSpeed,Video games,22700000,United States,1300000,60400,2
300,Eva Bravo Play,Animation,22700000,Unknown,297300,1100,0
301,Tlnovelas,Music & Dance,22700000,Mexico,3500,112,2
302,SOMOY TV,Daily vlogs,22600000,Bangladesh,9000,221,4
303,Bayashi TV,Unknown,22600000,United States,1800000,125300,922
304,Khan GS Research Centre,Education,22500000,India,0,0,0
305,National Geographic,Unknown,22500000,United States,45300,1100,36
306,Neetu Bisht,Unknown,22500000,India,1500000,86500,531
307,Infinite,Video games,22300000,United States,703400,23000,871
308,GMA Public  Affairs,Movies,22300000,Philippines,3700,119,1
309,Smile Family,Animation,22300000,Unknown,13200,58,0
310,Panda Shorts,Unknown,22100000,India,1000000,98300,202
311,Tekashi 6ix9ine,Music & Dance,22100000,United States,243400,14800,1
312,News18 India,News & Politics,22100000,India,9200,174,3
313,Beast Philanthropy,Food & Drinks,22000000,United States,12900000,888700,18
314,7clouds,Music & Dance,22000000,United States,41100,917,74
315,Sony AATH,Humor,21900000,Bangladesh,205800,4000,165
316,Narendra Modi,News & Politics,21900000,India,27100,1600,149
317,Unbox Therapy,Design/art,21900000,United States,522400,11800,181
318,Deddy Corbuzier,Unknown,21900000,Indonesia,2800000,49000,10
319,deepesh zo,Unknown,21800000,India,560200,39600,90
320,Kurzgesagt – In a Nutshell,Education,21800000,United States,698800,66400,759
321,Becky G,Music & Dance,21800000,United States,142500,6000,208
322,Jake Fellman,Unknown,21800000,United States,143100,9200,56
323,Koray Zeynep,Daily vlogs,21700000,Turkey,355700,9200,26
324,Lyrical Lemonade,Music & Dance,21700000,United States,1300000,44800,2
325,Bizarrap,Unknown,21700000,Argentina,44500000,1500000,66
326,MaviGadget,Unknown,21700000,United States,195200,4000,19
327,हिंदी - Genevieve's Playhouse,Education,21700000,Unknown,378100,1700,0
328,BabyBus - Cerita & Lagu Anak-anak,Movies,21700000,Unknown,351900,703,0
329,Anaya Kandhal,Unknown,21600000,India,6400000,92200,100
330,Kiddiestv Hindi - Nursery Rhymes & Kids Songs,Education,21600000,Unknown,22300,56,0
331,Fatos Desconhecidos,Animation,21600000,Brazil,88600,8400,373
332,LazarBeam,Animation,21500000,United States,0,0,0
333,Celine Dept,Unknown,21400000,United States,3200000,200800,487
334,ViralHog,Toys,21400000,United States,41300,1300,15
335,Filaretiki,Unknown,21400000,India,275800,7900,30
336,Goldmines Great Indian Comedy,Unknown,21400000,India,6900,49,2
337,RKD Studios,Unknown,21400000,India,103000,3600,90
338,Dr. Vivek Bindra: Motivational Speaker,Education,21400000,India,62700,2800,17
339,Baim Paula,Music & Dance,21300000,Indonesia,265000,7900,626
340,NBA,Sports,21300000,United States,59800,1500,101
341,طارق الحلبي tarik alhalapi,Unknown,21300000,Turkey,911200,20700,68
342,Brave Wilderness,Unknown,21300000,United States,358500,8900,516
343,Tasty,Food & Drinks,21300000,United States,45300,1700,15
344,Wow Kidz Action,Unknown,21300000,Unknown,72600,442,0
345,_vector_,Unknown,21300000,United States,15300000,812100,1
346,MiawAug,Animation,21300000,Indonesia,556200,25400,1
347,Ajay Sharma,Unknown,21300000,India,446200,18700,27
348,Triggered Insaan,Humor,21200000,India,6100000,450500,19
349,DeGoBooM,Movies,21200000,Mexico,208600,4400,336
350,Linkin Park,Music & Dance,21100000,United States,31000,3800,210
351,DeGoBooM,Movies,21200000,Mexico,208600,4400,336
352,Linkin Park,Music & Dance,21100000,United States,31000,3800,210
353,Emiway Bantai,Music & Dance,21100000,India,881900,104100,2
354,CookieSwirlC,Video games,21100000,United States,181700,2100,344
355,Vsauce,Science & Technology,21100000,United States,3700000,348600,5
356,Younes Zarou,Unknown,20900000,India,227900,9400,42
357,Sidemen,Video games,20900000,United Kingdom,11600000,449300,9
358,Republic Bharat,News & Politics,20800000,India,6900,0,3
359,Susy Mouriz,Unknown,20800000,Mexico,2900000,225400,2
360,Mnet K-POP,Unknown,20800000,United States,24000,743,115
361,SlivkiShow,Video games,20700000,Russia,2100000,97400,3
362,Aja Kitchen,Unknown,20700000,Unknown,197100,6800,34
363,BigSchool,Animation,20700000,United States,192500,17000,57
364,Gusttavo Lima Oficial,Music & Dance,20700000,Brazil,22600,2800,96
365,Got Talent Global,Unknown,20700000,United States,37800,373,12
366,Robin Hood Gamer,Animation,20700000,Brazil,494700,20400,710
367,Busy Fun Ltd,Animation,20700000,India,2900000,9300,177
368,Noor Stars,Movies,20700000,Iraq,1900000,76400,5
369,Official Pink Panther,Movies,20600000,Unknown,597700,3300,0
370,5-Minute Crafts DIY,Music & Dance,20600000,India,9000,72,3
371,Jake Paul,Fitness,20500000,United States,68200,2800,51
372,Dhar Mann Studios,Health & Self Help,20500000,United States,3200000,70600,595
373,Green Gold TV - Official Channel,Unknown,20500000,Unknown,118500,1200,0
374,Gordon Ramsay,Food & Drinks,20500000,United States,133700,3500,124
375,Bispo Bruno Leonardo,Music & Dance,20400000,Brazil,936300,320500,235
376,How Ridiculous,Video games,20400000,United States,0,0,0
377,SCTV,Music & Dance,20300000,Indonesia,12300,243,9
378,etvteluguindia,Unknown,20300000,India,15700,294,1
379,FIFA,Sports,20300000,United States,80800,2300,62
380,Marvel Entertainment,Movies,20300000,United States,76600,4000,300
381,And TV,Unknown,20300000,India,5400,224,0
382,5-Minute Crafts PLAY,Movies,20300000,India,12100,100,4
383,DLS News,Music & Dance,20200000,India,63500,2200,93
384,Chapitosiki,Unknown,20200000,Russia,272200,6900,23
385,Clash of Clans,Movies,20200000,United States,140900,13300,504
386,AS Gaming,Unknown,20200000,India,191900,9200,734
387,Britain's Got Talent,Music & Dance,20100000,United Kingdom,27900,561,20
388,AuthenticGames,Animation,20100000,Brazil,55300,4500,765
389,Plim Plim - Kids Songs & Episodes - Spanish,Music & Dance,20100000,Unknown,670500,0,0
390,CuRe 구래,Unknown,20100000,Indonesia,6300000,350000,2
391,شبكة العاب العرب | Arab Games Network,Unknown,20100000,Algeria,191000,10200,579
392,Taarak Mehta Ka Ooltah Chashmah,Unknown,20100000,India,54200,3600,19
393,Pencilmation,Animation,20100000,United States,33900,698,35
394,Vevo,Music & Dance,20100000,United States,5500,161,1
395,Masha e o Urso,Unknown,20100000,Unknown,313900,1700,0
396,Smile Family Spanish,Animation,20100000,Unknown,244500,493,0
397,SUPER SLICK SLIME SAM,Unknown,20100000,Mexico,165700,3100,0
398,BuzzFeedVideo,Food & Drinks,20100000,United States,15500,516,20
399,Troom Troom Es,Unknown,20100000,Mexico,68500,1700,31
400,REACT,Humor,20000000,United States,155300,6100,363
401,Naisa Alifia Yuriza (N.A.Y),Music & Dance,20000000,Indonesia,99300,2200,29
402,tabii Urdu,Unknown,19900000,Pakistan,19300,587,23
403,XO TEAM,Unknown,19800000,United States,122700,6100,44
404,HaerteTest,Unknown,19700000,India,18200,71,1
405,Shemaroo Comedy,Unknown,19700000,India,14700,144,4
406,Pink Shirt Couple,Unknown,19700000,United States,1200000,63500,984
407,Noman Official,Unknown,19700000,India,1000000,81600,275
408,Caín Guzmán,Movies,19700000,Mexico,559100,23400,42
409,Rubén Tuesta oficial,Unknown,19700000,Argentina,4400000,391500,1
410,Crafty Panda,Movies,19700000,India,15700,128,5
411,MSA previously My Story Animated,Animation,19600000,United States,3400000,86700,3
412,Like Nastya Vlog,Toys,19600000,Unknown,521900,1300,0
413,Sonotek,Music & Dance,19600000,India,9400,237,23
414,TED-Ed,Science & Technology,19500000,United States,279600,9800,369
415,Turma da Mônica,Unknown,19500000,Unknown,153100,4600,0
416,TheOdd1sOut,Movies,19500000,United States,0,0,0
417,KBS WORLD TV,Unknown,19500000,Indonesia,7200,464,9
418,Prime Video India,Movies,19500000,India,17300,576,6
419,Познаватель,DIY & Life Hacks,19500000,Russia,0,0,0
420,Heidi & Zidane बच्चों की कहानियाँ,Daily vlogs,19500000,Unknown,33200,122,0
421,Salman Noman,Unknown,19400000,India,392500,28700,74
422,Aphmau,Movies,19400000,United States,1900000,45200,2
423,ILYA BORZOV,Unknown,19400000,India,459200,18800,45
424,Grammy Gold Official,Music & Dance,19400000,Thailand,6700,184,4
425,Little Angel Español - Canciones Infantiles,Animation,19400000,Unknown,115100,246,0
426,Blippi - Educational Videos for Kids,Education,19300000,Unknown,695400,1700,0
427,HiMan,Video games,19300000,Russia,606600,23500,1
428,Mariano Razo,Unknown,19300000,Mexico,4000000,264200,988
429,Jimmy Kimmel Live,Movies,19300000,United States,190500,3700,270
430,Nick Pro,Movies,19300000,United States,3400000,61500,177
431,Farruko,Music & Dance,19300000,United States,46900,1700,76
432,SonyMusicSouthVEVO,Music & Dance,19300000,Unknown,11900,299,16
433,Lil Nas X,Music & Dance,19200000,United States,203100,11500,596
434,Yudist Ardhana,Movies,19100000,Indonesia,295300,8400,82
435,ZappyToons - Hindi Nursery Rhymes and Stories,Education,19000000,Unknown,132500,745,0
436,the Ludo facts,Unknown,18900000,Unknown,406300,0,6
437,seungbini shorts,Unknown,18900000,United States,5100000,130900,1
438,The Game Theorists,Movies,18900000,United States,3100000,222900,22
439,RsiamMusic : อาร์สยาม,Music & Dance,18900000,Thailand,4200,68,4
440,Fun For Kids TV - Hindi Rhymes,Unknown,18900000,Unknown,0,0,0
441,Marmok,Animation,18900000,Russia,3000000,385500,16
442,Ali-A,Animation,18900000,United States,473900,10800,389
443,AMARINTV : อมรินทร์ทีวี,News & Politics,18800000,Thailand,11800,164,4
444,ANNA KOVA,Unknown,18800000,Unknown,243400,4500,4
445,Like Nastya VNM,Movies,18800000,Unknown,303500,0,0
446,Apple,Music & Dance,18800000,Unknown,1400000,42500,0
447,News 24,Music & Dance,18700000,India,4500,100,2
448,SQUEEZIE,Unknown,18700000,France,441300,27800,55
449,ArianaGrandeVevo,Music & Dance,18700000,United States,4800000,390500,39
450,Dan-Sa / Daniel Saboya,Music & Dance,18700000,Brazil,18200,584,7
451,Good Mythical Morning,Food & Drinks,18700000,United States,717700,26900,697
452,Les' Copaque Production,Unknown,18700000,Indonesia,75000,1600,0
453,Jordan Matter,Music & Dance,18600000,United States,6700000,69300,10
454,Ravi sagar88,Unknown,18600000,India,1100000,43900,262
455,GEN HALILINTAR,Music & Dance,18500000,Indonesia,1100000,22600,91
456,zbing z.,Unknown,18500000,Thailand,432400,12300,568
457,KatieAngel,Movies,18500000,Mexico,72300,5000,81
458,Johny FamilyShow,Animation,18500000,Unknown,118900,2100,0
459,Jason Vlogs,Toys,18500000,Unknown,451500,865,0
460,Zuni and Family,Daily vlogs,18500000,Unknown,219800,250,0
461,MissaSinfonia,Animation,18500000,Mexico,0,0,0
462,tanboy kun,Music & Dance,18500000,Indonesia,1000000,21800,1
463,TheWillyrex,Movies,18400000,Spain,54900,4600,11
464,Manual do Mundo,Science & Technology,18400000,Brazil,410600,44900,378
465,Soy Suco,Unknown,18400000,Peru,5700000,441900,8
466,Natan por Aí,Unknown,18400000,Brazil,1000000,35700,142
467,INCRÍVEL,Unknown,18300000,Unknown,7700,375,11
468,Sebastián Yatra,Music & Dance,18300000,Colombia,367100,16200,690
469,Marques Brownlee,Science & Technology,18300000,United States,4600000,178700,9
470,sagar kalra (Shorts),Daily vlogs,18300000,India,503300,11500,24
471,TheGrefg,Movies,18300000,Spain,499300,27300,575
472,RobleisIUTU,Movies,18300000,Argentina,292800,24900,332
473,The geeta gurjar,Unknown,18200000,India,1500000,25600,24
474,Disney Junior,Unknown,18200000,Unknown,165500,425,0
475,LuisFonsiVEVO,Music & Dance,18200000,Peru,1500000,30500,2
476,TV9 Bharatvarsh,News & Politics,18100000,India,5100,105,1
477,Chuster,Video games,18100000,Spain,2000000,90000,187
478,What's Idea,Unknown,18100000,Unknown,118800,3100,9
479,El Reino a Jugar,Education,18000000,Unknown,478000,729,0
480,ГЛЕНТ,Animation,18000000,Russia,1700000,94300,2
481,Vijay Kumar Viner Vlogs,Unknown,17900000,India,71500,1900,6
482,MoreAliA,Animation,17900000,United States,403400,5600,264
483,VICE,News & Politics,17900000,United States,84700,2300,102
484,Porta dos Fundos,Movies,17900000,Brazil,177100,14200,159
485,IGN,Unknown,17900000,United States,52900,1300,89
486,Jesser,Video games,17900000,United States,517,127,11
487,Mrwhosetheboss,Unknown,17900000,United States,3700000,235200,2
488,Justin Flom,Movies,17900000,United States,432300,12600,86
489,Bollywood Classics,Music & Dance,17900000,India,26100,222,5
490,MGC Playhouse,Toys,17900000,Unknown,44600,19,0
491,Jane ASMR 제인,Daily vlogs,17800000,Indonesia,128600,2400,169
492,SriBalajiMovies,Movies,17800000,India,5100,132,0
493,Pop Chartbusters,Music & Dance,17800000,India,10600,144,7
494,Infobells Bangla,Education,17700000,Unknown,150300,379,0
495,La Rosa de Guadalupe,Music & Dance,17700000,Mexico,72100,1400,27
496,BBC News Hindi,News & Politics,17700000,India,75800,0,172
497,Like Nastya IDN,Music & Dance,17700000,Unknown,488800,0,0
498,Travis Scott,Music & Dance,17700000,United States,6000000,312000,10
499,الـريماس - Al-Remas,Music & Dance,17700000,Iraq,19700,811,66
500,NMF News,News & Politics,17700000,India,6800,204,5
501,FactTechz,Movies,17700000,India,567800,39600,2
502,TheBrianMaps,Video games,17700000,Russia,3700000,294100,11
503,Daily Dose Of Internet,Humor,17600000,United States,3300000,164400,4
504,boxtoxtv,Unknown,17600000,India,801900,25900,56
505,JFlaMusic,Music & Dance,17600000,South Korea,152300,8200,626
506,Anitta,Music & Dance,17600000,Brazil,180900,10500,635
507,TRANS TV Official,Movies,17600000,Indonesia,584,6,1
508,Gato Galactico,Animation,17600000,Brazil,55600,1400,0
509,Mazhavil Manorama,Unknown,17600000,India,9100,206,1
510,UFC,Sports,17500000,United States,117000,2300,231
511,Filmy Suraj Actor,Unknown,17500000,Unknown,14200000,659600,779
512,Lahari Music - TSeries,Music & Dance,17500000,India,6900,285,2
513,Colors Rishtey,Unknown,17500000,India,7000,451,1
514,Go Ami Go!,Daily vlogs,17500000,Colombia,0,0,0
515,Ivana Alawi,Movies,17400000,Philippines,2600000,73900,3
516,Sony LIV,Unknown,17400000,India,5200,150,2
517,Queen Official,Music & Dance,17400000,United States,60600,4000,165
518,GH'S,Unknown,17400000,United States,5100000,202400,746
519,Supercar Blondie,Animation,17400000,United States,519300,16300,267
520,Mau McMahon,Unknown,17400000,Mexico,2700000,165700,2
521,With Kids[위드키즈],Animation,17400000,United States,63200,0,0
522,Thairath Online,News & Politics,17400000,Thailand,12900,169,7
523,Aayu and Pihu Show,Movies,17400000,India,2600000,37100,4
524,LEGO,Animation,17300000,United States,47800,1200,0
525,Hasan Tarhan,Unknown,17300000,Iran,357000,6000,9
526,Stubborn Facts,Unknown,17300000,India,101800,1300,99
527,A2 Motivation by Arvind Arora,Unknown,17200000,India,1000000,124400,598
528,Lyna,Animation,17200000,Argentina,311700,11000,1
529,Katakit Baby TV,Music & Dance,17200000,Saudi Arabia,271200,1800,0
530,GMMTV OFFICIAL​​,Music & Dance,17200000,Thailand,23400,758,28
531,scottsreality,Unknown,17200000,United States,1600000,40700,333
532,Willyrex,Movies,17200000,Mexico,88500,7000,42
533,Ch7HD,Unknown,17200000,Thailand,2600,75,1
534,Prajapati News,Unknown,17200000,India,15100,869,81
535,Cheri's World,Daily vlogs,17200000,India,1100000,60100,97
536,Dear Sir,Education,17100000,India,260400,20900,578
537,albert_cancook,Unknown,17100000,United States,4900000,391600,2
538,T-Series Hamaar Bhojpuri,Music & Dance,17100000,India,8800,298,8
539,Peet Montzingo,Daily vlogs,17100000,United States,2500000,0,3
540,Painzeiro,Daily vlogs,17100000,Brazil,288400,6500,291
541,Juliana Baltar,Animation,17000000,Brazil,281300,10800,257
542,Vlad and Niki ARA,Animation,17000000,Unknown,157400,549,0
543,Unspeakable,Animation,16900000,United States,1000000,28900,336
544,RCTI - LAYAR DRAMA INDONESIA,Music & Dance,16900000,Indonesia,NULL,29,0
545,FailArmy,Animation,16800000,United States,1300000,16200,510
546,Spider VAMBI / ヴァンビ,Unknown,16800000,Japan,547500,10000,23
547,The Vishal bhatt,Unknown,16800000,India,365700,22600,46
548,Sony Music South,Music & Dance,16800000,India,162600,601,66
549,Arif muhammad,Music & Dance,16800000,Indonesia,3600000,65100,2
550,Tu COSMOPOLIS,News & Politics,16800000,Mexico,31600,2300,152
551,TWICE,Music & Dance,16800000,Philippines,476100,72400,587
552,ماشا و الدب,Unknown,16800000,Unknown,241600,3500,0
553,EeOneGuy,Unknown,16700000,Russia,504100,16200,4
554,T3ddy,Animation,16700000,Brazil,516400,59500,2
555,DEV Ke Facts,Unknown,16700000,India,1200000,37900,48
556,Amara Que Linda,Daily vlogs,16700000,Colombia,377400,15400,85
557,Jennifer Lopez,Music & Dance,16700000,Unknown,111300,6400,238
558,MK MUSIC,Music & Dance,16600000,Brazil,6500,639,15
559,IDEAS EN 5 MINUTOS,Movies,16600000,Mexico,45100,187,3
560,Pitbull,Music & Dance,16600000,United States,19400,979,31
561,Kaykai Salaider,Movies,16600000,Thailand,0,0,0
562,MY FAMILY,Animation,16600000,India,1200000,4100,68
563,La Granja del Borrego,Unknown,16600000,Colombia,2200000,220800,2
564,Sujal Thakral,Unknown,16600000,India,2000000,72600,165
565,Vilmei,Unknown,16600000,Indonesia,415400,0,453
566,Ray William Johnson,Animation,16600000,United States,1000000,54800,822
567,Boyce Avenue,Music & Dance,16600000,Brazil,101900,1800,75
568,FC Barcelona,Sports,16500000,United States,135700,11500,240
569,The MriDul,Unknown,16500000,India,216300,8200,213
570,HUBA후바,Unknown,16500000,United States,630600,25100,114
571,Eli Kids - Cartoons & Songs,Music & Dance,16500000,Unknown,109000,2100,0
572,FitDance,Music & Dance,16500000,Unknown,32800,974,12
573,Bebefinn - Nursery Rhymes & Kids Songs,Unknown,16500000,Philippines,1000000,4000,0
574,Antrax,Animation,16500000,Mexico,0,0,0
575,AdMe,Animation,16500000,Russia,19100,392,24
576,Kids Play,Animation,16500000,Unknown,20300,104,0
577,Sandra Cires Art,Unknown,16400000,Colombia,187400,10000,590
578,Jamuna TV,News & Politics,16400000,Bangladesh,33300,626,30
579,SEVENGERS,Unknown,16400000,India,3000000,287400,560
580,Matheus Kriwat,Unknown,16400000,Brazil,461200,29100,589
581,Kuplinov ► Play,Animation,16400000,Russia,1200000,84400,2
582,Matt Stonie,Food & Drinks,16400000,United States,1200000,52900,2
583,JJ Olatunji,Unknown,16400000,United States,112500,2400,150
584,Kashvi Adlakha,Unknown,16400000,India,82700,2200,16
585,Blippi Español,Unknown,16400000,Unknown,345200,930,0
586,KOMPASTV,News & Politics,16400000,Indonesia,3800,29,16
587,GuiGe,Unknown,16300000,India,86500,2500,4
588,Dyland PROS,Movies,16300000,Indonesia,24200,1300,62
589,Volga Video,Movies,16200000,India,3100,27,1
590,Team Films Bhojpuri,Music & Dance,16200000,India,8200,185,23
591,SRK MUSIC,Music & Dance,16200000,India,180700,5800,190
592,StudyIQ IAS,News & Politics,16200000,India,12100,566,14
593,DEV Ke Experiment,Unknown,16200000,Unknown,1600000,31900,16
594,Camilo,Music & Dance,16200000,Colombia,54000,3700,63
595,5-Minute Crafts FAMILY,Unknown,16100000,India,6300,68,2
596,Adam W,Animation,16100000,United States,1900000,116600,487
597,THE BROWN SIBLINGS,Unknown,16100000,India,609800,37800,78
598,BROTHERS VLOG,Unknown,16100000,India,715800,0,10
599,Sanjoy Das Official,Unknown,16100000,India,649400,44100,52
600,RS 1313 SHORTS,Unknown,16100000,India,8000,45,6
601,Ian Boggs,Movies,16000000,United States,1200000,72600,560
602,PowerfulJRE,Daily vlogs,16000000,United States,680200,13000,1
603,Cute.Shivani.05,Unknown,16000000,India,1500000,144400,786
604,Arman Ki Tamanna,Unknown,16000000,Unknown,54300,2800,312
605,BEN EAGLE,Unknown,16000000,Vietnam,164300,6000,30
606,Linh Nhi Shorts,Unknown,16000000,United States,232300,4800,3
607,Luis Méndez,Unknown,16000000,Mexico,217200,25600,220
608,AlJazeera Arabic  قناة الجزيرة,News & Politics,16000000,Morocco,12800,452,33
609,wifistudy by Unacademy,Education,16000000,India,2600,78,4
610,Vlad y Niki Show,Unknown,16000000,Unknown,711000,1700,0
611,Mobile Legends: Bang Bang,Animation,16000000,Indonesia,97600,3900,351
612,Dr Ryan,Unknown,15900000,United States,294300,10000,134
613,"Ravindra Bharti - Social, Business & Life",Unknown,15900000,Unknown,4100,129,0
614,CNN,Music & Dance,15900000,United States,102600,1800,1
615,Netflix Jr.,Animation,15900000,Unknown,104800,150,0
616,حِرف إبداعية في 5 دقائق,Movies,15800000,Egypt,28800,112,5
617,MNCTV OFFICIAL,Music & Dance,15800000,Indonesia,825,26,0
618,Henrique e Juliano,Music & Dance,15800000,Brazil,514800,8600,223
619,ABC News,News & Politics,15800000,United States,26200,468,47
620,Rotten Tomatoes Trailers,Movies,15800000,United States,27700,466,53
621,Zee Bangla,Unknown,15800000,India,4900,134,0
622,JT Casey,Animation,15800000,United States,174900,9600,188
623,NDTV India,News & Politics,15800000,India,5100,95,2
624,Dental Digest,Unknown,15800000,United States,442800,19500,182
625,Влад и Никита,Toys,15800000,Unknown,1200000,2800,0
626,Mis Pastelitos,Food & Drinks,15800000,Mexico,978400,49300,640
627,Indore Physical Academy,Daily vlogs,15800000,India,20500,1100,59
628,Genierock,Music & Dance,15800000,Thailand,328200,2400,99
629,Vlad and Niki PRT,Movies,15800000,Unknown,566200,0,0
630,EdisonPts,Video games,15800000,Russia,1700000,116100,5
631,ABS-CBN News,News & Politics,15800000,Philippines,2000,23,1
632,Talking Tom & Friends TV,Animation,15800000,United States,51600,297,0
633,MARIANA,Movies,15700000,Mexico,325300,15900,180
634,Kritika Channel,Unknown,15700000,Unknown,2500000,38800,23
635,LOKESH GAMER,Unknown,15600000,India,119300,7800,501
636,Hongyu ASMR 홍유,ASMR,15600000,United States,427200,3900,129
637,BBC News,News & Politics,15600000,United States,64600,980,349
638,Niana Guerrero,Music & Dance,15600000,Philippines,572600,12600,299
639,Jomy Production,Unknown,15600000,India,1600000,63400,67
640,Klara Tania,Movies,15600000,Indonesia,1100000,70800,119
641,LukeDidThat,Unknown,15600000,United States,3800000,130900,1
642,XpressTV,Autos & Vehicles,15600000,Mexico,1300000,28700,281
643,ช่อง8 : Thai Ch8,Unknown,15600000,Thailand,21300,259,4
644,Stray Kids,Music & Dance,15600000,United States,1200000,137900,5
645,Linus Tech Tips,Science & Technology,15600000,United States,1100000,43600,2
646,Dave and Ava - Nursery Rhymes and Baby Songs,Music & Dance,15600000,Unknown,123700,416,0
647,Daftar Populer,Unknown,15600000,Indonesia,68700,769,92
648,Little Angel - Músicas Infantis em Português,Animation,15600000,Unknown,296300,940,0
649,JULIA GISELLA,Unknown,15500000,United States,2600000,155400,3
650,Caeli YT,Unknown,15500000,Unknown,28500,768,179
651,E-MasterSensei,Movies,15500000,Mexico,985300,15200,584
652,BigChungus,Unknown,15500000,Argentina,2300000,155700,1
653,GOLU008,Unknown,15500000,India,5800000,187900,369
654,Liza Baez,Unknown,15500000,Mexico,2700000,348200,2
655,RupalChoudhary TD,Unknown,15500000,India,142100,4600,21
656,Kerajinan 5-Menit,Unknown,15500000,Indonesia,11100,48,2
657,Mohamed Ramadan I محمد رمضان,Music & Dance,15400000,Egypt,78600,3600,157
658,Roman Atwood Vlogs,Movies,15400000,United States,236200,13000,190
659,Makiman131,Movies,15400000,Spain,54800,4000,92
660,PlayStation,Unknown,15400000,United States,39600,1200,115
661,SportsNation,Sports,15400000,United States,72200,2700,31
662,Luli Pampín,Music & Dance,15400000,Unknown,2500000,5300,0
663,CrashCourse,Science & Technology,15400000,United States,42900,1400,49
664,League of Legends,Movies,15400000,United States,2200000,111400,5
665,The Dodo,Animals & Pets,15400000,United States,580800,25900,564
666,Zé Neto e Cristiano,Unknown,15400000,Brazil,8600,820,36
667,Woody & Kleiny,Video games,15400000,United States,220200,15200,42
668,infobells - Kannada,Education,15400000,Unknown,234700,217,0
669,Kwebbelkop,Animation,15400000,United States,22900,622,26
670,Pokémon Kids TV,Unknown,15300000,Unknown,89800,0,0
671,FACT FIRE KING,Unknown,15300000,Unknown,381500,21700,107
672,PrestonPlayz,Animation,15200000,United States,1600000,30700,1
673,Camila Loures,Movies,15200000,Brazil,400400,24000,463
674,Oyuncak Avı,Animation,15200000,Unknown,87200,0,6
675,Mariale,Unknown,15200000,Mexico,11200,574,11
676,O Reino Infantil,Music & Dance,15200000,Unknown,87200,116,0
677,Ranz Kyle,Unknown,15200000,Philippines,434700,9800,195
678,Grandmaster JinBodhi Main Channel,Animation,15200000,Singapore,13800,594,5
679,Compot,Animation,15200000,Russia,1200000,48500,2
680,Lana Del Rey,Music & Dance,15200000,United States,493500,90300,6
681,Gyan Gamingㅤ,Video games,15200000,India,105200,11300,126
682,Aadishakti Films,Music & Dance,15200000,Unknown,165500,8200,340
683,Rebecca Zamolo,Movies,15200000,United States,2500000,27400,3
684,Crescendo com Luluca,Animation,15200000,Brazil,837400,43500,3
685,Saad Lamjarred | سعد لمجرد,Music & Dance,15200000,Morocco,7700000,110700,4
686,Alexa Rivera,Animation,15100000,United States,2700000,41800,2
687,Kajal Soni,Unknown,15100000,Unknown,5400000,213300,354
688,Jazzghost,Movies,15100000,Brazil,1600000,79800,5
689,Zee Telugu,Unknown,15000000,India,6500,131,0
690,MattyBRaps,Music & Dance,15000000,United States,0,0,0
691,The Slow Mo Guys,Unknown,15000000,United States,919600,57100,2
692,Lachlan,Animation,15000000,United States,568500,15600,281
693,Telemundo,Unknown,15000000,Argentina,8900,123,6
694,Трум Трум,Video games,15000000,Unknown,84400,2000,43
695,iTownGamePlay *Terror&Diversión*,Animation,15000000,Mexico,49300,2900,182
696,웃웃TwinsFromRussia,Animation,15000000,United States,86700,2900,28
697,GMM25Thailand,Unknown,15000000,Thailand,3000,65,0
698,Zig & Sharko,Humor,15000000,Unknown,114600,1000,0
699,Auron,Movies,15000000,Mexico,1000000,59000,978
700,Think Music India,Music & Dance,15000000,India,29100,838,7
701,Jorge & Mateus Oficial,Music & Dance,15000000,Brazil,20900,2200,75
702,BIBO и Игрушки,Animation,15000000,Unknown,42500,0,0
703,Crazy Frog,Music & Dance,15000000,United States,637300,13400,95
704,NOBRU,Movies,15000000,Brazil,533800,43700,165
705,5-Minute Crafts Recycle,Unknown,15000000,India,4800,45,1
706,TheRichest,News & Politics,14900000,United States,7200,231,12
707,Miss Karisha,Unknown,14900000,Unknown,115500,0,29
708,Tappu Honey Parmar,Unknown,14900000,India,1400000,41000,159
709,Come Play With Me,Movies,14900000,Unknown,1400000,2700,0
710,Fueled By Ramen,Music & Dance,14900000,United States,49700,1800,151
711,Meghan Trainor,Movies,14900000,United States,13000,562,53
712,Airrack,Video games,14800000,United States,6200000,316000,921
713,Bobon Santoso,Music & Dance,14800000,Indonesia,318500,11800,749
714,Dropout,Movies,14800000,United States,0,0,0
715,Major Lazer Official,Music & Dance,14800000,United States,25400,792,37
716,Geo News,Unknown,14800000,Pakistan,3000,66,2
717,Like Nastya Stories,Animation,14800000,Unknown,99300,369,0
718,Tibo InShape,Animation,14800000,France,440000,31800,229
719,Saito さいとう,Unknown,14800000,United States,613800,15700,22
720,MalumaVEVO,Music & Dance,14800000,Mexico,2200000,66700,3
721,karameeshchannel,Music & Dance,14800000,Jordan,125900,435,0
722,Acenix,Animation,14800000,Mexico,980600,20900,1
723,pets swag,Unknown,14800000,United States,257200,7900,78
724,TommyInnit,Video games,14800000,United States,597200,67300,4
725,Chad Wild Clay,Movies,14800000,United States,1200000,15400,3
726,Reaction Time,Animation,14800000,United States,44500,1900,53
727,حقائق وأسرار,Unknown,14800000,Egypt,17800,709,20
728,Manish Sahu 47,Unknown,14700000,India,525200,25400,181
729,LittleGlove,Daily vlogs,14700000,India,963800,43700,165
730,Veritasium,Science & Technology,14700000,United States,3100000,155100,24
731,BehindwoodsTV,Daily vlogs,14600000,Unknown,13700,299,3
732,Boram Tube ToysReview [보람튜브 토이리뷰],Movies,14600000,Unknown,9300,68,0
733,قناة وناسة -  Wanasah TV,Movies,14600000,Unknown,428900,2400,0
734,Wish 107.5,Music & Dance,14600000,Philippines,50200,985,75
735,Desi Gamers,Unknown,14600000,India,2000000,154500,5
736,Dhruv Rathee,News & Politics,14600000,India,7600000,301900,15
737,T-Series Regional,Music & Dance,14600000,India,2900,51,5
738,AlArabiya العربية,News & Politics,14600000,Morocco,7500,162,10
739,RaptorGamer,Animation,14600000,Mexico,118100,11300,279
740,IDEIAS INCRÍVEIS,Unknown,14600000,Brazil,30000,137,3
741,Ryan Trahan,Movies,14600000,United States,1600000,102600,289
742,penguinz0,Movies,14600000,United States,1500000,67900,3
743,BigTasty,Unknown,14600000,United States,39800,1900,5
744,Cyprien,Movies,14600000,France,65800,8400,117
745,O Que Não Dizer Oficial,Movies,14600000,Brazil,93500,10300,60
746,أترو/Atro,Unknown,14600000,Iraq,270700,33200,8
747,Goldmines Premiere,Unknown,14600000,Unknown,7800,200,0
748,NikkieTutorials,Design/art,14600000,United States,3700000,196300,1
749,ETV Jabardasth,Humor,14600000,India,62800,1100,5
750,Rosanna Pansino,DIY & Life Hacks,14600000,United States,44000,2900,27
751,Rosanna Pansino,DIY & Life Hacks,14600000,United States,44000,2900,27
752,Маша та Ведмідь,Unknown,14600000,Unknown,244700,2500,0
753,penguinz0,Movies,14500000,United States,1500000,63400,3
754,BigTasty,Unknown,14500000,United States,40200,1900,5
755,Czn Burak,Daily vlogs,14500000,Turkey,374300,16700,271
756,Caylus,Animation,14500000,United States,565000,11300,500
757,Hacksmith Industries,Video games,14500000,United States,185900,11800,96
758,Bon Bon Media,Unknown,14500000,United Kingdom,166700,2800,4
759,DangMattSmith,Animation,14500000,Unknown,95100,3200,370
760,Adaah Queen,Unknown,14500000,India,1400000,76500,224
761,Луномосик,Movies,14500000,Russia,1600000,43200,2
762,Drawblogs,Movies,14500000,Mexico,8900,327,22
763,서은일상이야기,Movies,14400000,Unknown,9000,30,0
764,Mythpat,Unknown,14400000,India,2000000,133400,34
765,Lilly Singh,Animation,14400000,United States,57100,2700,28
766,Kids TV India Hindi Nursery Rhymes,Toys,14400000,Unknown,21900,78,0
767,TV Ana Emilia,Unknown,14400000,Mexico,122000,5500,214
768,Blockbuster Movies,Daily vlogs,14400000,India,7800,184,2
769,Bie The Ska,Unknown,14400000,Thailand,309600,6600,162
770,BanderitaX,Animation,14400000,Saudi Arabia,1400000,111300,1
771,Atlantic Records,Unknown,14400000,United States,6600,304,6
772,Family Fitness,Unknown,14300000,India,380800,17700,486
773,RobTopGames,Unknown,14300000,United States,105500,9000,587
774,Red Bull,Sports,14300000,United States,982200,42000,249
775,Invento na Hora,Movies,14200000,Brazil,558800,50100,729
776,Codiscos,Music & Dance,14200000,Unknown,25700,454,14
777,Right to Shiksha,Unknown,14200000,India,317400,40700,98
778,Typical Gamer,Animation,14200000,United States,337800,6100,244
779,GMA Integrated News,Music & Dance,14200000,Philippines,2800,69,1
780,NH Studioz,Unknown,14200000,India,10700,71,2
781,Fact Brain 96,Unknown,14200000,Unknown,174500,0,54
782,MC Divertida,Music & Dance,14200000,Unknown,1200000,3200,0
783,Nick DiGiovanni,Food & Drinks,14200000,United States,8500000,962100,4
784,Diana Belitskay,Unknown,14200000,United States,259700,14800,209
785,Brawl Stars,Animation,14200000,United States,1400000,101600,3
786,AM3NlC,Autos & Vehicles,14200000,Brazil,164500,15700,229
787,NishaMadhulika,Food & Drinks,14200000,India,157000,2600,430
788,Super Polina,Unknown,14200000,Russia,4900,21,0
789,infobells,Toys,14200000,Unknown,60800,1100,0
790,#Refugio Mental,Movies,14100000,Argentina,133200,1700,42
791,Su Hao,Daily vlogs,14100000,United States,176100,3400,3
792,Zee Tamil,Movies,14100000,India,11100,211,1
793,Fact YT,Unknown,14100000,Unknown,227300,0,30
794,Trap City,Music & Dance,14100000,United States,12900,689,34
795,Vogue,Fashion,14100000,United States,95500,4400,52
796,Mission Facts,Unknown,14100000,Unknown,4900,0,0
797,Поззи,Animation,14000000,Russia,352400,13700,972
798,Zeinab Harake,Humor,14000000,Philippines,1800000,71600,2
799,123 GO! Spanish,Animation,14000000,Mexico,86500,515,20
800,Мастерская Настроения,Movies,14000000,Russia,330200,5000,107
801,BBC,Movies,14000000,United Kingdom,6800,173,4
802,Saturday Night Live,Movies,14000000,United States,963600,18800,681
803,Darkar Company Studios,Animation,14000000,Mexico,507900,61500,1
804,Jooj Natu,Unknown,14000000,Brazil,1400000,138500,463
805,Emilly Vick,Animation,14000000,Brazil,2700000,0,4
806,Trakin Tech,News & Politics,14000000,India,582100,30600,1
807,FAPTV,Animation,14000000,United States,67000,2100,10
808,Merrick Hanna,Unknown,14000000,United States,147400,7700,77
809,My Mate Nate,Unknown,14000000,Thailand,803700,20300,610
810,PlayHard,Animation,14000000,Brazil,156900,23700,86
811,DRJ Records Specials,Unknown,14000000,India,9500,41,2
812,Enterr10 Rangeela,Music & Dance,13900000,India,9300,79,2
813,Lofi Girl,Humor,13900000,United States,119200,9700,146
814,benja calero,Movies,13900000,Argentina,2100000,199300,937
815,Anninha,Unknown,13900000,United States,395500,12000,96
816,Gustavo Paródias,Music & Dance,13900000,Brazil,68800,2600,18
817,Uman sayyed shorts,Unknown,13900000,India,251300,11700,25
818,BOT NETWORK,Unknown,13900000,Unknown,9400,1900,957
819,BUDI01 GAMING,Movies,13900000,Indonesia,1000000,39100,2
820,Awakening Music,Music & Dance,13900000,Indonesia,10300,768,30
821,The Infographics Show,Education,13800000,United States,102700,2800,222
822,Wesley Safadão,Music & Dance,13800000,Brazil,94000,3600,127
823,Peppa Pig em Português Brasil - Canal Oficial,Movies,13800000,Unknown,818900,3100,0
824,JOJO TV - Hindi Stories,Music & Dance,13800000,India,12200,61,1
825,KOYA with,Movies,13800000,Unknown,5500,18,0
826,Pastor Antônio Júnior,Music & Dance,13800000,Brazil,207500,47500,4
827,MAIKI021,Animation,13800000,Brazil,18200,2100,175
828,Sonotek Bhakti,Music & Dance,13800000,India,6800,177,22
829,CRAZY GREAPA,Unknown,13800000,India,2800000,110000,210
830,FAMILY BOOMS,Unknown,13800000,India,1100000,27400,33
831,Free Fire India Official,Unknown,13800000,India,186900,20500,338
832,Ju Araújo,Music & Dance,13800000,Brazil,32900,1000,28
833,El Tío Néstor,Animation,13800000,Mexico,865700,58700,364
834,XDSchool,Unknown,13800000,United States,125600,9000,24
835,DALLMYD,Mystery,13800000,United States,615100,31300,524
836,Lady Diana,Music & Dance,13800000,Russia,1000000,34300,3
837,Diana and Roma IND,Animation,13800000,Unknown,292900,526,0
838,Just For Laughs Gags,Unknown,13800000,United States,99500,1300,31
839,MyMissAnand,Movies,13800000,India,706600,11000,0
840,Technology Gyan,Unknown,13700000,India,376500,19500,931
841,NITIN FREE FIRE,Unknown,13700000,India,976000,116500,1
842,Kabita's Kitchen,Unknown,13700000,India,102600,2900,161
843,Miniature bana,Unknown,13700000,Unknown,70800,0,4
844,Sinotal Gaming,Unknown,13700000,Unknown,58400,4000,10
845,Anaysa,Movies,13700000,India,379800,6100,245
846,Jane & Sergio 🥰,Unknown,13700000,United States,93500,2000,5
847,English Connection,Movies,13600000,India,182800,10400,167
848,Online Job,Unknown,13600000,India,3700,84,11
849,Ricky Limon,Unknown,13600000,Mexico,3900000,242200,3
850,gogo 2728,Daily vlogs,13600000,India,1000000,83100,107
851,STAR भारत,Unknown,13600000,India,10500,275,2
852,Alextis,Unknown,13600000,Spain,305200,13400,80
853,Heidi y Zidane,Daily vlogs,13600000,Unknown,99200,359,0
854,ATHLEAN-X™,Fitness,13600000,United States,265700,8600,314
855,theRadBrad,Animation,13600000,United States,137500,5400,295
856,Alex Gonzaga Official,Movies,13600000,Philippines,2200000,49000,987
857,Jugnu Kids - Nursery Rhymes and Best Baby Songs,Food & Drinks,13600000,Unknown,62500,189,0
858,Jack Doherty,Unknown,13600000,United States,766500,22700,471
859,Moonbug Kids - Sing Along With Me!,Toys,13600000,Unknown,43700,64,0
860,technical Bana,Unknown,13500000,Unknown,48900,0,4
861,EnriqueIglesiasVEVO,Unknown,13500000,United States,0,0,0
862,Matt Steffanina,Music & Dance,13500000,United States,33300,1800,64
863,Deepali Markam,Unknown,13500000,India,2800000,93200,55
864,Albertisment,Video games,13500000,Spain,501400,18000,116
865,설기양SULGI,ASMR,13500000,United States,311200,6800,214
866,The McFive Circus,Unknown,13500000,United States,458400,15300,176
867,H2ODelirious,Video games,13500000,United States,108500,4900,132
868,Hungria Hip Hop,Music & Dance,13400000,Brazil,26300,2900,68
869,Kirya Kolesnikov,Daily vlogs,13400000,United States,59600,1600,9
870,Lokdhun Punjabi,Music & Dance,13400000,India,347100,515,57
871,Knowledge Tv हिन्दी,Music & Dance,13400000,India,71500,1000,112
872,Ei Nerd,Movies,13400000,Brazil,153600,20200,533
873,WinnerMax,Movies,13400000,Colombia,132100,7500,305
874,VexTrex,Movies,13400000,Unknown,24700,0,0
875,Теремок ТВ,Unknown,13400000,Unknown,78100,118,0
876,The World Adventures हिन्दी,Daily vlogs,13400000,Unknown,5000,195,14
877,SHoNgxBоNg,Unknown,13400000,Saudi Arabia,3400000,309100,13
878,RedeTV,Unknown,13400000,Brazil,4000,121,2
879,Captain Watch Hits,Unknown,13400000,India,347900,15600,51
880,Saregama Hum Bhojpuri,Music & Dance,13400000,India,25300,966,33
881,The Q,Unknown,13300000,United States,27900,1400,74
882,Kurt Hugo Schneider,Unknown,13300000,United States,75500,4400,58
883,Amaury Guichon,Unknown,13300000,United States,4000000,182900,2
884,Moosa Tv Info,Unknown,13300000,India,1500000,34400,269
885,Watch Me,Movies,13300000,Russia,148800,2900,20
886,SpriteDer SPD,Humor,13300000,Thailand,1200000,34800,112
887,VENDY YADUWANSHI,Unknown,13300000,India,220200,20300,45
888,Franco Escamilla,Movies,13300000,Mexico,333800,14900,141
889,Ornella Zocco,Unknown,13300000,Italy,62200,1100,19
890,Wolfoo Channel,Movies,13200000,Unknown,52200,122,0
891,JesseAndMike,Animation,13200000,United States,180600,2400,141
892,YoungBoy Never Broke Again,Music & Dance,13200000,United States,425100,27900,3
893,Rachit Rojha,Unknown,13200000,India,509300,18600,139
894,Jass Records,Music & Dance,13200000,India,7100,350,6
895,Farjana Drawing Academy,Unknown,13200000,India,253500,11100,228
896,Aniruddhacharya ji,Daily vlogs,13200000,India,87500,3400,185
897,Jagdish Comedian,Unknown,13200000,Unknown,2000000,40900,12
898,Luke Davidson,Animation,13200000,United States,1800000,144800,1
899,Bihari Ladka,Unknown,13200000,India,897100,76400,629
900,Lucan Pevidor,Unknown,13200000,Brazil,881400,40000,173
901,BIBO와 장난감,Unknown,13200000,Unknown,34400,0,0
902,Duo Tiempo De Sol,Music & Dance,13200000,Unknown,79600,149,0
903,CTC,Movies,13200000,Russia,27500,562,13
904,First We Feast,Movies,13200000,United States,146000,5500,126
905,Top Viral Talent,Unknown,13200000,United States,13400,215,5
906,VYRLOriginals,Unknown,13100000,India,36300,1500,19
907,gymvirtual,Fitness,13100000,Mexico,42400,1500,46
908,Oneindia Hindi | वनइंडिया हिंदी,Music & Dance,13100000,India,4400,85,2
909,Yarook_Malik22,Unknown,13100000,Unknown,156700,11000,35
910,Diosdado Juarez,Fitness,13100000,Mexico,1500000,131400,434
911,Times Music,Music & Dance,13100000,India,11800,543,11
912,Quantum Tech HD,Science & Technology,13100000,United States,517600,3300,53
913,Chota Ali vlogs,Unknown,13000000,Unknown,202400,7000,113
914,Wild 'N Out,Music & Dance,13000000,United States,356400,7000,143
915,Baby Monster School,Unknown,13000000,United States,936700,32200,72
916,Rathore Cassettes,Music & Dance,13000000,India,3300,46,5
917,Monsta,Unknown,13000000,Indonesia,250600,10900,161
918,Talking Angela,Music & Dance,13000000,United States,115200,656,0
919,NDTV,News & Politics,13000000,India,2400,45,1
920,Biper y sus Amigos,Music & Dance,13000000,Unknown,83200,0,0
921,Mundo Bita,Music & Dance,13000000,Unknown,92400,2100,0
922,Más SKabeche,Movies,13000000,Mexico,63800,4600,35
923,Flowers Comedy,Humor,13000000,India,12900,285,2
924,Nas Daily,Daily vlogs,13000000,United States,637900,32500,510
925,ام سيف Om sayf,Unknown,13000000,Iraq,6100000,213400,1
926,Talent Recap,Music & Dance,13000000,United States,47000,527,26
927,Olivia Rodrigo,Music & Dance,13000000,United States,530500,30100,1
928,Harsha Sai - For You Hindi,Unknown,13000000,India,1100000,93800,2
929,HISTORY,Movies,13000000,United States,78600,1300,82
930,eltrece,Music & Dance,13000000,Unknown,3200,37,6
931,عائلة ابو رعد للمنوعات,Unknown,13000000,Unknown,482900,8800,11
932,GoldminesAction,Unknown,13000000,Unknown,8100,155,0
933,Troom Troom India,Unknown,13000000,India,76900,671,9
934,Hero Movies 2024,Daily vlogs,13000000,India,7700,173,1
935,POCOYÓ en ESPAÑOL - Canal Oficial,Unknown,13000000,Unknown,358000,1500,0
936,Wave Music Bhakti,Music & Dance,13000000,Unknown,1700,18,3
937,bharatzkitchen HINDI,Music & Dance,12900000,India,232800,2700,122
938,Blossom,Unknown,12900000,United States,23100,836,4
939,Inside Edition,News & Politics,12900000,United States,53000,1300,120
940,Karen Bustillos,Unknown,12900000,Mexico,1800000,112000,2
941,Tonni art and craft,Music & Dance,12900000,India,683000,29600,270
942,DisneyChannelUK,Movies,12900000,Unknown,31700,754,0
943,ARGEN,Unknown,12900000,Russia,742300,55900,603
944,King of Cubers,Unknown,12900000,India,53200,2400,37
945,The Film Theorists,Movies,12900000,United States,1900000,123700,6
946,Pari's Lifestyle,Unknown,12900000,India,469800,3000,315
947,Troom Troom Indonesia,Music & Dance,12900000,Indonesia,82600,1100,40
948,Factsman,Unknown,12800000,Unknown,28600,0,38
949,Ankita Bhawsar,Unknown,12800000,India,1500000,76200,66
950,DaniRep | +6 Vídeos Diarios De GTA 5 Online!,Animation,12800000,Mexico,165100,11200,73
951,MrSuicideSheep,Unknown,12800000,United States,59900,2400,152
952,Timba Vk,Animation,12800000,Mexico,1300000,29500,703
953,Al Jazeera English,News & Politics,12800000,United States,14300,508,133
954,Heidi and Zidane Kids Fun,Animation,12800000,Unknown,61500,1000,0
955,SuperHero Kids,Animation,12800000,Unknown,88600,2100,5
956,Piuzinho,Movies,12800000,Brazil,251600,54400,3
957,Parafernalha,Movies,12800000,Brazil,41700,4300,27
958,#Refúgio Mental,Movies,12800000,Brazil,266400,4700,96
959,Ellie Goulding,Music & Dance,12800000,United States,39400,2100,162
960,YoSoyPlex,Movies,12800000,Spain,2100000,120600,6
961,Lulu99,Unknown,12800000,Colombia,443400,22700,557
962,Avril Lavigne,Music & Dance,12800000,United States,43000,6800,220
963,Heera Gold,Daily vlogs,12800000,Pakistan,52500,1100,79
964,Telugu Filmnagar,Unknown,12800000,India,6500,231,1
965,Tayo Bus Kecil - Tayo Bahasa Indonesia,Music & Dance,12800000,Indonesia,216500,192,0
966,M4 Tech,Unknown,12700000,India,1000000,43100,958
967,vlogger varun,Unknown,12700000,India,3400000,186800,243
968,Positive Energy-Funny family,Unknown,12600000,Unknown,136600,0,4
969,That's Amazing Shorts,Unknown,12600000,United States,97700,3800,52
970,माशा एंड द बेयर,Animation,12600000,Unknown,165900,1700,0
971,Ruh,Unknown,12600000,Unknown,43200,835,1
972,Troom Troom PT,Animation,12600000,Brazil,88400,1400,42
973,Hi-Tech Islamic Naat,Music & Dance,12600000,Pakistan,12100,213,23
974,CaseyNeistat,Movies,12600000,United States,0,0,0
975,Yair17,Movies,12600000,Mexico,86800,7700,316
976,LipaoGamer,Movies,12600000,Brazil,128200,4000,110
977,Теремок - Песенки для детей,Unknown,12600000,Russia,63300,106,0
978,Wolfoo Family,Movies,12600000,Unknown,211400,819,0
979,Family Box,Movies,12600000,Russia,154700,5300,76
980,Chiku life vlogs,Unknown,12600000,Unknown,2100000,99600,305
981,Health Time,Daily vlogs,12600000,India,2300,68,2
982,MicroStrategy,Daily vlogs,12600000,India,385600,25600,656
983,Yoga With Adriene,Fitness,12600000,United States,470200,12400,1
984,People Vs Food,Food & Drinks,12600000,United States,19100,1000,15
985,Panda,Animation,12600000,India,182900,15500,117
986,NFL,Sports,12600000,United States,37700,626,117
987,Videogyan Kids - Learning Videos & Nursery Rhymes,Animation,12600000,Unknown,67100,1100,0
988,Goldmines Housefull,Unknown,12600000,Unknown,9900,0,0
989,Ethan Funny Family,Unknown,12600000,United States,934000,32600,46
990,NATTI NATASHA,Music & Dance,12600000,United States,20100,1900,58
991,Make Joke Of,Movies,12600000,India,3700000,153200,727
992,Utkarsh Classes,Education,12600000,India,91700,7200,207
993,LOUD,Unknown,12600000,Brazil,99000,7100,96
994,Black Eyed Peas,Music & Dance,12600000,United States,8000,667,14
995,Little Baby Bum en Español,Unknown,12600000,Unknown,21000,45,0
996,BBC Earth,Unknown,12500000,United States,80300,1700,79
997,Jamie Nyland,Animation,12500000,United States,66700,2500,104
998,janin al chair,Unknown,12500000,Mexico,1400000,146100,485
999,Myke Towers,Music & Dance,12500000,Colombia,8300,485,8
1000,HikakinTV,Humor,12500000,Japan,703200,25300,312
